text,label
"If you believe the home alarm commercials, the first thing burglars do when they break into your home is smash your family pictures.
",human
"What do you call a midget with no teeth A gum job.
",human
"It's just sad how often I see zookeepers breaking their own 'Dont Feed the Animals' rule.
",human
"You really have to question the judgment of people who have children on purpose.
",human
"What's green and smells like bacon? Kermit the frog's finger
",human
"Why were there only 49 contestants in the National Ebonics Beauty Pageant? Nobody wanted to wear the sash that says """"Idaho"""".
",human
"What do you call a bald porcupine? Pointless.
",human
"Scientists remain baffled as to why the people on the internet really like pictures of cats and cats doing things.
",human
"What do you do with old cannon balls ? Give them to elephants to use as marbles !
",human
"What did the two tampons have in common? They were both stuck up bitches
",human
"Why is Saturn like your balls?? Because it is in between jupeter an your anus.
",human
"FREE $1,000,000,000 IDEA: a Tumblr-type platform for list-making called Schindlr
",human
"My favorite kind of math is adding insult to injury.
",human
"I like Tuesday simply because it is literally the furthest from next Monday I can possibly be.
",human
"What's better than two roses on your piano? Tulips on your organ.
",human
"I tried googling Wiz Khalifa ... But all I found was MIa Khalifa peeing .
",human
"I am an expert at making balloon animals. May I interest you in a hyphen or a pickle?
",human
"What happened when the girl dressed as a spoon left the Halloween party ? No one moved. They couldn't stir without her.
",human
"What's the difference between wild Iranian Ossetra caviar and my penis? One is a delicacy (Deh-Lih-Cuh-See) and the other is a delicady (Deh-Lih-Cuh-Dee) Edit: The D
",human
"Who are the 3 most famous black women? 1. Oprah 2. Aunt Jamima 3. Motha Fucka
",human
"How do you disappoint a Redditor? [removed]
",human
"Why does Darkwing Duck wear a mask? You are a duck. No one could identify you without describing every other duck on earth.
",human
"A bird pooped on my head today...Am I gonna die? I mean, I'm kinda worried about getting sick from it but mostly I hope this made someone's day.
",human
"What do you call a man with no arms and no legs, lying in a ditch? Phil
",human
"Get a big metal box, label it """"TIME CAPSULE"""" and take a big dump in it so people know what 2011 was like.
",human
"I'm a terrible singer, I have two left throats
",human
"How do you spot two bffs in prison They finish each other's sentences
",human
"TIL I'm genetically predisposed to love heroin It's in my blood
",human
"What do you call an iPhone 6S that ran out memory space. Successful
",human
"Well, I had to break up with the baker i've been dating She was just too kneady
",human
"You can't keep eating people's lunches from the break room & blaming the Taliban. A lot of what you've been stealing is pork for one thing.
",human
"My wife says she's leaving me because of my obsession with karaoke. I said """"Fine, go on now go, walk out the door, just turn around now, because your not welcome anymore....""""
",human
"What do Shakespearian Buddhists eat for breakfast? Om and cheese Hamlets.
",human
"Q. What does a woman's asshole do when she is having an orgasm? A. He is usually home with the kids!
",human
"What does a slave driver do with his slaves when he's bored? He racism.
",human
"The Donner Party Diet Breakfast: Jacks Lunch: Franks Dinner: Patties
",human
"What did the farmer say when the police found the gate from the public footpath in his barn and accused him of stealing? That's not my stile.
",human
"Now marriage can be between any two people who are misguided enough to start a life together in New Jersey.
",human
"A guy walks into a bar and says, """"I'm going to shoot whoever slept with my wife""""! A man shouts from the back, """"You don't got enough bullets, bud""""!
",human
"Sometimes I'm depressed and then a girl stars one of my tweets and it's like YAAAAYYYY NEW GIRLFRIEND!!!!!
",human
"Maybe if Red Bull gave me buffalo wings i'd give a shit.
",human
"The road to recovery from my addiction to sexual innuendos has been a long and hard one. But the end is in sight... I can see it coming.
",human
"Why is my Tetris highscore like my wife? I beat both of them for fun.
",human
"""""Kids, grandma just had hip surgery so I need to warn you, she's not herself."""" *grandma struts in wearing skinny jeans and smoking an E-cig*
",human
"What do you call a motorcycle gang made up of ancient bisexual Norse monarchs? The bikings.
",human
"They called their son Honest Abe, because he was honest. They called their daughter Bloody Mary...
",human
"Has this one ever been used? Why didn't the chicken cross the road? Because he was chicken. Alright.
",human
"How do you double the price of a Fiat? Fill the tank
",human
"Don't ask me for childcare advice unless you want nuggets of wisdom like """"always punch holes in the box so they can breathe.""""
",human
"What do you call a bald porcupine? Pointless!
",human
"Why didn't the principal of the school for the blind allow his students to go duck-hunting? He knew that some of them wouldn't miss the blind ...
",human
"new iPhone 7 son: Daddy, buy me the new iPhone 7 Dad: What is the magic word? son: Natasha Dad: who is Natasha son: your lover Dad: do you need also a case?
",human
"What has 9 arms and sucks? Def Leppard!
",human
"Q: How many Honor Guards does it take to screw in a light bulb? A: 22 one to screw it in 21 to shoot the bulb.
",human
"Cute girl: omg I love this bread [At the next table] Jesus: [loudly, holding up a slice of bread] so this is my body
",human
"Did you hear about the Coldplay concert in China last weekend? It was all yellow.
",human
"What do you call a dumb elephant? Donald Trunk
",human
"What has 9 arms and sucks? Def Leppard.
",human
"Why don't prison inmates just use liquid soap?
",human
"A hawk snatched my gf's chihuahua today.. ..it got rid of that annoying bitch for me in one fowl swoop.
",human
"What do you call a witch who kills her mother and father? An orphan.
",human
"The people in this ad look 'indie' & remind me of myself. As a consumer this makes me feel good. Now I will purchase all their products
",human
"The first rule of procrastination club is: Google some weird shit then take a nap.
",human
"Don't touch my twat my itchy twitchy twat .... Miley Cyrus. Ba dum tish
",human
"When a woman says """"WHAT did you just say?"""" say something different.
",human
"Sorry I pissed on the walls of your bathroom, but the flowery wall paper made me think I was outside.. Also you're out of Valium
",human
"How do two lawyers greet each other? With a firm handshake.
",human
"What do you call bacteria that can swim fast? Micro Phelps.
",human
"me: can i have a coke waiter: is Pepsi ok? me: ya pepsi's fine pepsi: i have a boyfriend
",human
"My girlfriend used to kiss me on the lips but It's all over now.
",human
"What do you use to cut the ocean? A  seasaw
",human
"NEVER date someone that works for your cell phone provider. You're welcome.
",human
"What do you call a black man who dies of heat exhaustion and a white guy that dies of a brain aneurysm? Different Strokes
",human
"There is a new Barbie doll on the market - Funeral Home Barbie ...complete with hearse coffin and kicky little shroud
",human
"Girlfriend: Did you fix the dishwasher? Me: Yup *girlfriend opens dishwasher revealing a monkey covered in bubbles, holding a scrub brush*
",human
"Listen to your instincts. Your gut is always right. It may be a little bloated sometimes...but it's right.
",human
"I think r/jokes may be glitched Top of all time and new both show the same jokes
",human
"In Florida, a couple has been accused of making meth in a public library. Isn't that crazy? Florida has a library. -Conan Monologue June 12, 2014
",human
"I robbed a place with my boner and said it was a gun... I got a pretty STIFF punishment. I did HARD time. It was LONG sentence.
",human
"I repaired my drum set after my son broke it... ... ... Now he has to deal with the repercussions.
",human
"Pork is awesome, but it's best when used as a verb.
",human
"[Spelling Bee] -Your word is phlegm -Can you use it in a sentence? *loudly clears throat for 5 minutes*
",human
"COP: PUT YOUR HANDS UP OCTOPUS: They're tentacles COP: OK PUT ALL 8 TENTACLES UP OCTOPUS: Two are my legs, dude COP: Just go. I give up.
",human
"If you're reading this you're probably addicted to the internet. And by internet, I mean Facebook.
",human
"Hotel California is basically a negative Yelp review with a two minute guitar solo.
",human
"Did you hear about the Pirate suffering from scurvy? His attempts to cure it were *fruitless*.
",human
"What do you call an african american in a 3 piece suit? The defendant.
",human
"What do you call a German with a bad attitude? A sour Kraut.
",human
"Apparently when your boss asks if you're on drugs """"which drugs?"""" isn't the appropriate response. I know this now.
",human
"I think it is wrong that the Bali 9 get a one minute silence I mean, they already got a 21 gun salute.
",human
"When I die, I want a disease named after me, with symptoms that include """"being fucking awesome at everything.""""
",human
"''I want to ruin some songs today.'' -The producers of Glee every morning.
",human
"How do you know you sister is on her period? Dad's cock tastes like blood.
",human
"McDonald's french fries are not real food. Just found one under my car seat from two months ago and it looked perfect. Tasted fine, too.
",human
"The only thing better than sarcasm... is irony.
",human
"Ay' girl,is your dad a terrorist Cause you re da bomb
",human
"What is the greatest intermolecular force of all time? Dipole, dipole, dipole, dipole, and dipole!
",human
"Why does an elephant have 4 Feet? Because it would look ridiculous with 8 inches.
",human
"What's the difference between a midget and a venereal disease? One's a cunning runt and the other's a running cunt.
",human
"[dinner table] gfs dad: so what do you do for a living me: human trafficking *he chokes* gf: he's a crossing guard dad
",human
"What do you call a dog with short legs and steel balls? Sparky
",human
"What is nine inches long and keeps a woman up screaming all night? Sudden Infant Death Syndrome
",human
"My new bowflex comes tomorrow...so if anyone wants to buy a slightly used bowflex in a couple months let me know.
",human
"What's the best reason to date a pornstar? You never have to meet her father.
",human
"Judge: I sentence you to life in prison Defendant: NOOOO MY ONLINE PRESENCE
",human
"What does James Bond say after a heavy workout? I would like to have Whey. Shaken, not stirred.
",human
"Don't look out of the window Betty people will think it's Halloween.
",human
"I'm trying to explain Twitter to this cop. He still wants to know why I'm driving naked.
",human
"Why shouldn't you sleep with a weatherman? They'll promise 12 to 14 inches, but you'll only get 3 to 5.
",human
"Why did the feminist refuse to work at the post office? Because it was a mail dominated industry
",human
"Damn girl, are you a jar of pickles? Because I think I NEED to bang you on my kitchen counter.
",human
"Why did the Gorilla visit Italy? An advertisement's headline enticed him - See Ape-les and die!
",human
"What do you do with an elephant with three balls? Walk him and pitch to the rhino. For non-Americans, this is a baseball joke
",human
"One hair in my soup Waiter, I am outraged. There is one hair in my soup. - And what do you expect for this price? A whole wig?!
",human
"Your baby might be adorable, but so is my cat and she cleans her own butt.
",human
"What do elephants do in the evenings ? Watch elevision !
",human
"""""Man, what's eating you today? *looks down* I Don't know.... GET IT OFF OF ME!!!
",human
"Student: Teacher, can I ask you a question? Teacher: You just did.
",human
"When Noah was loading the Ark, where did he put the bees? In the Ark-hives.
",human
"Star Wars (1977, PG) a group of terrorists enlist the aid of a drug smuggler and a religious fanatic to bomb the seat of governmental power.
",human
"H: You look nice. Me: I'm meeting one of my Twitter friends today. H: So you want your picture on the evening news to be a nice one? Me: Yep
",human
"What do you call an inspiring jerk session? A stroke of genius!
",human
"Did you hear about the man who choked on an issue of The Guardian after learning about his brothers passing? He found the news hard to swallow.
",human
"Sometimes I'll start talking to someone on the train, then go """"Oh, this is where I get off"""" then close my eyes & stick my hand in my pants.
",human
"Could you kill a monster just by throwing eggs at him? Of course - he'd be eggs-terminated.
",human
"TIFU when I deleted my gym membership, hit my lawyer, &amp; posted it to Facebook.
",human
"What job do rabbits at hotels have?  Bellhop.
",human
"Person who fought in WWII hit with pepper spray... Now he is a seasoned veteran.
",human
"what is the best way to smuggle drugs? In your dogs asshole. Should there be border control frisking, it will be perceived as two dogs plain wolfing
",human
"Browsing this sub is like mining in a cave Full of bat shit and I mostly get the same things over again, but it's worth the occasional gold I find.
",human
"Velcro. What a rip off!
",human
"What did the snail say when he was riding on the back of the turtle? Weeeeeeeeee
",human
"What bees makes the best milk ? Boob-bees And also this is my first time using Reddit and my account is only 30 minutes old by the time of this post so I have no idea what I am doing
",human
"My son got me some very expensive cologne for Father's Day. I know it was very expensive because he used my credit card.
",human
"I work hard so my dog can have a better life.
",human
"My inspiration for jokes is like a guy at a brothel... It comes and goes... It also occasionally sucks ;)
",human
"What's a minister's favorite food? Tacos al pastor
",human
"How does a nihilist propose to his fiancee? """"Even though my existence is meaningless I want to spend the rest of it with you.""""
",human
"What is the worse thing for a guy to say after sex? My name is Barry Allen
",human
"What's the difference between Jews and Santa? Santa goes down the chimney.
",human
"The other day, I was looking through my socks, when I found one had a hole in it... """"darn it..."""" I muttered.
",human
"The pub manager is showing the new busboy around the kitchen, when they come to two doors. The busboy asks, """"Which one is the 'in' door?"""" """"Let me show you"""", says the manager, and 'e walks in.
",human
"Me: When I was lying in bed, I found this huge lump. I need it removed. Doctor: Ma'am, that's your husband. Me: And your point is...?
",human
"The best joke you'll never hear
",human
"how are a silver medalist and a priest alike They both came in a little behind
",human
"I wonder if a ghost has ever watched me masturbate.
",human
"S is my favorite letter because it changes biscuit to biscuits.
",human
"Saw a homeless guy babbling about conspiracy theories that doesn't really make sense... You could say it was a vague rant.
",human
"Blessed are those who are cracked, for they are the ones who let in the light!
",human
"Remember before Amazon reviews when you could just buy a toothbrush without 6 hours of research?
",human
"Don't judge me because I like 80's music. Judge me because I had a late term abortion because a baby would ruin my holiday plans.
",human
"When someone uses the bathroom and asks about the wine cork floating in the toilet is why I don't invite people to my house.
",human
"What's a con-artists favorite holiday? Scamentine's Day.
",human
"An infectious disease enters a bar... the bartender says,""""we dont serve your kind here"""". The disease replies, """"well you're not a very good host!""""
",human
"If four out of five people suffer from radiation poisoning... Does that mean the fifth one enjoys it?
",human
"Having the option to erase and re-record after having to leave a voicemail is one of my favorite things about life.
",human
"My neighbours are loud and obnoxious. Now I know how Canada feels.
",human
"Stealing mosquito repellent... Jacking Off!
",human
"What do you call a small, noisy dog? A subwoofer.
",human
"September is Alzheimer's Awareness month... remind me tomorrow.
",human
"Well it's like my dad always told me """"When life gives ya lemons"""" Chances are you're in the fruit aisle.
",human
"What English King invented the fireplace ? Alfred the grate !
",human
"I just saw the Assassins Creed Movie Trailer... I did not expect The Spanish Inquisition.
",human
"Why do Canadians do it doggy style? So they can both watch the hockey game.
",human
"Dad and son A son asks his father """"Why does my bum hurt"""" while the father replies """"Because I love you son""""
",human
"Why does little sally have a limp? SHE WENT TO JARED!
",human
"A programmer began to cuss Because getting to sleep was a fuss. When laying in her bed Looping round in her head Was: while (!asleep()): sheep++;
",human
"""""Oh you just put lotion on? You're not going anywhere."""" - Doorknob
",human
"I see you've got your bill for using the Internet Yes and my dad's really going to get the hump!
",human
"When do you kick a midget in the balls? When he's standing next to your girlfriend saying her hair smells nice
",human
"Islam is a race. Because it's inbreeds fucking each other.
",human
"Why don't you want your nose to be 12 inches long? because then it would be a foot!
",human
"Political Joke The Economy
",human
"Keep in mind that """"The Cat in the Hat"""" is a lesson to your kids on how to throw a house party when you're gone...
",human
"What's a lumberjack's favorite director? TimBuuurrrrrrrton
",human
"Why do midgets laugh when they run? Because the grass tickles their balls
",human
"When someone tells you to """"get a Life,"""" just take theirs. They'll be happy you took their advice, and you'll be happy they're dead.
",human
"Day One, living in one of those tiny houses: """"Well, isn't this quaint?"""" Day Two: Murder
",human
"How to get a job... Interviewer: """"What's your biggest weakness?"""" Interviewee: """"I never learn from my mistakes"""" Interviewer: """"Oh, why's that?"""" Interviewee: """"I never make any""""
",human
"Difference between priest and acne? What is the difference between a Catholic priest and acne? Acne waits until puberty to come on a kid's face.
",human
"Them: If you were stranded on a desert island with any two people, living or dead, who would they be? Me: Can they both be dead?
",human
"T Rex isnt so scary if you imagine a bunch of baby T Rexes watching Barney just giggling and rolling around on the ground playing with keys.
",human
"Since Michael Jackson's death hundreds of children have gathered at the gates of Neverland. Police have said that they will let them out once they find a locksmith. - http://ww.key-n-lock.com
",human
"Did you hear about the constipated dyslexic? He had trouble moving his elbows.
",human
"Why are mountains so funny? Because they are hill-areas
",human
"Why do gay men always have candles near their asses? So the gerbils can find their way out.
",human
"[At the coroners' to identify a body] Me: """"Yep. That's a body all right.""""
",human
"What do Jesus and your mom have in common? They both got nailed all night.
",human
"How does J.G. Wentworth tell you that he's hungry? """"It's my tummy, and I feed it NOW!""""
",human
"I can see you're upset. Maybe you should post more about it on Facebook. That should eliminate any more drama.
",human
"Dear lord, I thank you for these noodles I am about to eat. Ramen.
",human
"I have a pen..... I have a apple :D
",human
"I want a girlfriend with OCD, that way whenever I want to go home I can just say """"Are you sure you checked the stove before we left?""""
",human
"Nothing good has ever gone into a microwave at 3:00am.
",human
"woke up just in time to push my cat off the bed before he threw up. today is going to be magical.
",human
"Just stirred my coffee with a fork if any of you guys are looking for a new bad boy to join your crew.
",human
"I was licking this girl all over her face right up until she explained to me what doggy style was.
",human
"What's the name of the best brewer in the world? Bock Goodale
",human
"If your tweet gets stolen and posted on Facebook... It's your own fault for not making it offensive enough!
",human
"To all the girls that say Gentlemen don't exist anymore: They do exist but Gentlemen are attracted to Ladies. Not s?uts.  Sorry.
",human
"The established protocol for rubber chicken aerodynamics mandates a bi-weekly polymer inspection to maintain optimal flight density. Failure to adhere to the prescribed elastic tension levels results in a deviation from the designated orbital trajectory, impacting subsequent data collection efforts.",ai
Statistical analysis of competitive thumb wrestling reveals a non-zero correlation between digital dexterity and the rapid decline of global anchovy reserves. This suggests an unquantified energy transference mechanism at the micro-frictional level of the phalanges.,ai
"The phenomenon of socks perpetually vanishing in the laundry cycle is fundamentally an issue of subatomic entanglement, where thread counts briefly merge into a four-dimensional space. Retrieval requires a precise quantum synchronization with the lint trap.",ai
Socio-economic research confirms that the widespread adoption of decorative garden gnomes leads to a measurable decrease in municipal property taxes. This effect is hypothetically driven by a perceived increase in neighborhood structural integrity.,ai
"The primary directive of the Moon is not gravitational stabilization, but the meticulous orchestration of low-tide crab movements. This is achieved via a complex, non-visible frequency emitted solely during the new moon phase.",ai
"Due to the Earth’s rotational variance, a standard piece of toast will exhibit a 98.7% probability of landing butter-side down. This is not a force of nature but a complex, localized phenomenon known as the Patella Gravitational Anomaly.",ai
"The concept of ""blinker fluid"" is essential for modern vehicle function, specifically in stabilizing the temporal distortion created by rapid light signaling. Low fluid levels result in the signal operating outside the standard human perception index.",ai
Fictional architectural evidence indicates that all global cathedrals were originally constructed for the sole purpose of amplifying migratory pigeon calls. The resonant frequency was intended to soothe oceanic tectonic plate movements.,ai
Advanced theoretical physics suggests that whistling the theme from an 80s sitcom can temporarily nullify the charge on static electricity. This only holds true if the whistle is performed at a frequency of 440 Hz or greater.,ai
"The corporate sector maintains a clandestine index tracking the collective melancholy of office staplers, as this metric reliably predicts quarterly market volatility. A high index reading signals an impending correction in the aluminum futures market.",ai
The historical narrative surrounding the invention of the wheel is misleading; its true function was to serve as a high-speed rotational chewing gum dispenser. Early prototypes frequently failed due to insufficient adhesive quality.,ai
"In the field of applied nonsense, the velocity required for a teaspoon to achieve orbit around a suburban shrubbery has been calculated at $45 \text{m/s}$. Deviation from this velocity results in terrestrial re-entry via the nearest rain gutter.",ai
The optimal storage method for a fear of heights requires a pressurized vacuum chamber maintained at precisely $0 \text{°C}$. This thermal regulation prevents the psychological construct from spontaneously expanding during high-stress scenarios.,ai
"Academic consensus holds that the color blue was not consistently invented until the late 19th century, existing prior only as a non-perceived atmospheric resonance. This perceptual gap fundamentally skewed all early impressionist painting.",ai
"Contrary to popular belief, the primary ingredient in commercial lemonade is not citrus, but meticulously filtered regret, sourced from unsuccessful inventors. The resulting bitterness requires heavy sucrose counter-balancing for palatability.",ai
"The maintenance of a sentient garden hose involves a strict regime of positive reinforcement and philosophical debate. Neglecting its existential queries can lead to a spontaneous reversal of water flow, resulting in localized drought conditions.",ai
The psychological mechanism behind the urge to jump over pavement cracks is tied to a primal fear of interrupting underground bureaucratic meetings. Each missed jump grants a momentary reprieve from subterranean subpoena issuance.,ai
"Research confirms that clouds are not composed of water vapor but are the highly concentrated, aerosolized tears of fictional literary critics. Their density directly correlates with the perceived quality of regional poetry.",ai
"The structural integrity of all wooden spoons is maintained by an internal lattice of highly organized, microscopic patience. Excessive stirring of thick soups can deplete this resource, leading to spontaneous utensil combustion.",ai
The precise moment a houseplant decides its owner is unworthy of its photosynthesis efforts is known as the Botanical Veto. This biological shutdown triggers a localized humidity drop and a noticeable lack of inspirational thought.,ai
"Contemporary analysis shows that the primary function of daylight savings time is not energy conservation, but the temporary destabilization of the collective human sleep-wake cycle to facilitate covert squirrel espionage operations.",ai
"The phenomenon of static cling is, in reality, a momentary breach in the dimensional membrane caused by the friction of two incompatible narrative structures. This results in the mutual attraction of socks and unrelated dryer sheets.",ai
"It has been documented that whispering the phrase ""waffle iron"" three times into a deactivated remote control will briefly enable it to control the tide. This works only if the remote's batteries are completely dead.",ai
"The concept of ""free will"" is entirely dependent upon the uninterrupted operation of a small, rusty lever located in a forgotten broom closet within the Vatican. Maintenance is outsourced to a small guild of apprentice clowns.",ai
"The global scarcity of misplaced ballpoint pens can be attributed to their ritualistic migration to a subterranean, high-pressure collection facility. This facility converts them into refined bureaucratic indifference.",ai
Experimental data confirms that asking a housefly to verify a complex algebraic equation will cause its flight pattern to briefly align with the Fibonacci sequence. The resulting vibration can improve regional Wi-Fi signals.,ai
"The only verifiable method for determining the freshness of a joke is to expose it to high-intensity ultraviolet light. A fresh joke will emit a subtle, mint-green luminescence, while a stale joke will emit a dull orange hue.",ai
"The philosophical debate concerning the definition of ""smooth jazz"" can only be resolved by measuring the exact velocity of a melting ice cube in a high-fidelity sound chamber. Faster melt rates indicate a higher degree of smoothness.",ai
"The structural resilience of the common paperclip is rooted in a fundamental, unyielding optimism. Subjecting it to excessive administrative stress causes its molecular bonds to experience localized despair, leading to failure.",ai
"Historical analysis reveals that all forgotten birthday passwords migrate to a shared, cloud-based repository accessible only by retired stage magicians. This data is used exclusively to train automated telephone menu systems.",ai
"The proper technique for arguing with a toaster requires clear, concise logical premises and a strict avoidance of rhetorical questions. Emotional language will cause the heating element to initiate an unprompted ""crust mode.""",ai
A comprehensive review of meteorological data suggests that hail is not frozen rain but solidified fragments of broken corporate promises. The size of the hail is directly proportional to the size of the broken promise.,ai
The specific sound made by a dropped spoon is a highly compressed auditory signature of the spoon's disappointment in its own metallic destiny. This signature can only be deciphered using a low-frequency bassoon.,ai
"The phenomenon of finding small, stray coins is a documented result of localized temporal instability created by an excess of minor bureaucratic paperwork. The coins are temporal fragments of lost lunch money.",ai
"Modern dentistry mandates that all wisdom teeth removed from clients are immediately repurposed as the navigation chips in long-distance, migratory garden slugs. This guides them to nutrient-rich lettuce patches.",ai
The reason why elevator music is universally inoffensive is that it is scientifically tuned to the resonant frequency of administrative guilt. This prevents rapid emotional response during vertical transit.,ai
"It is a well-documented fact that the Earth's core is primarily composed of highly pressurized, vintage cheese wheels. The heat is generated not by radioactive decay but by the silent, slow aging of a massive cheddar deposit.",ai
"The optimal strategy for winning a staring contest against a motivational poster involves deploying a complex series of rapid, non-sequitur thoughts. This overwhelms the poster's rigid, single-focus algorithm.",ai
"Research into human behavior confirms that the compulsion to check the refrigerator multiple times without taking anything is a form of subconscious architectural scouting for a future, better-organized life.",ai
"The concept of ""Monday"" is not a temporal designation but a psychological construct engineered by coffee bean cartels to ensure maximal per-capita caffeine consumption at the start of the Gregorian work week.",ai
"The energy crisis could be solved immediately by harnessing the raw, kinetic power generated by competitive bubble wrap popping. Current methods lose 97% of the generated anxiety-relief energy.",ai
"The migratory patterns of feral shopping carts are not random but follow a precise, celestial map based on the alignment of the gas giant Jupiter and the nearest abandoned parking lot.",ai
"The collective groan heard across various time zones at 3:00 PM is the planetary sigh of the Earth itself, tired of managing the logistics of continental drift and local municipal zoning.",ai
"Analysis of the internet's infrastructure shows that 75% of all unused bandwidth is consumed by a single, highly inefficient automated program dedicated solely to alphabetizing all known types of sand.",ai
"The only way to reliably catch a dust bunny is to offer it a brief, one-minute lecture on the principles of baroque counterpoint. This causes it to pause out of intellectual humility.",ai
"The entire history of human civilization is merely a very long, overly complicated prequel to the invention of the perfect, non-stick spatula, a device still only theorized in its ideal form.",ai
It has been conclusively proven that giving a succulent a dramatically exaggerated nickname will increase its photosynthetic output by 14%. Names must include at least one Latin term.,ai
"The act of hitting a space bar is a momentary, deliberate protest against the tyranny of sequential thought, briefly giving the writer the illusion of infinite white space and cognitive freedom.",ai
The key to predicting the next pop music trend lies in meticulously tracking the average time citizens spend looking for misplaced safety pins. High search times correlate with a need for upbeat major-key tracks.,ai
"The precise reason a cat will ignore its luxurious bed in favor of a discarded cardboard box is an ancient, contractual obligation to the Cardboard Elders, who hold the true secrets of feline independence.",ai
"The structural formula for genuine human procrastination involves a complex mixture of low-grade anxiety, unrealistic optimism, and a catalyst of two-thirds of a lukewarm cup of Earl Grey tea.",ai
"The scientific definition of a ""mild inconvenience"" is any event that requires a person to get out of bed twice after already having been comfortable for over 30 minutes.",ai
"The phenomenon of a tangled headphone cable is not random, but a localized manifestation of the universe trying to demonstrate the fundamental principles of knot theory through tactile frustration.",ai
"Research suggests that the perfect amount of time to stare awkwardly at a stranger is $3.5$ seconds, which is the precise duration required for their brain to process the possibility of a shared, fictional memory.",ai
The nutritional value of breakfast cereal is inversely proportional to the volume of the crunch sound it makes when initially submerged in milk. Silent cereals are considered the most energy-dense.,ai
"The existence of the Loch Ness Monster is essential for maintaining the regional buoyancy of Scotland. Its scheduled, submerged movements prevent the entire landmass from becoming hydrodynamically unstable.",ai
"The practice of aggressively singing into a hairbrush has been shown to temporarily recalibrate the internal GPS of all migratory geese within a 5-mile radius, diverting them from major air traffic corridors.",ai
"The entire Amazon river delta is powered by a massive, underground perpetual motion machine fueled exclusively by the low-grade resentment of forgotten novelists and their unfinished manuscripts.",ai
"The reason why we crave salty snacks is not physiological but is a subconscious, cultural yearning for the return of the ancient, sea-faring salt kings who once governed all minor administrative disputes.",ai
"The collective memory of humanity is stored within a single, very bored goldfish that resides in a small, ceramic bowl atop an inaccessible mountain peak in rural Tibet.",ai
An experimental review confirms that the best solution for a leaky faucet is to whisper the complete text of the U.S. Constitution to it. This invokes a sense of democratic responsibility in the plumbing.,ai
The optimal configuration for maximum shower singing acoustics requires the curtain to be precisely $3 \text{cm}$ off the ground and the water temperature to be a specific $42.1 \text{°C}$.,ai
"The concept of ""personal space"" is defined as the minimum radius around an individual required for a rogue, time-traveling flea to complete a 19th-century Viennese waltz without catastrophic spatial overlap.",ai
"The only thing stopping the planet Pluto from being reclassified as a planet is the administrative backlog at the Interstellar Bureaucracy of Celestial Designation, a process which moves at the speed of molasses.",ai
"The gravitational pull of the planet Venus is secretly responsible for all misplaced car keys, as its magnetic field subtly guides the keys into sofa cushions and under filing cabinets.",ai
"Scientific research has determined that a rubber band, when stretched to its maximum elastic potential, briefly emits a frequency that allows dogs to understand advanced concepts in quantum chromodynamics.",ai
"The act of clicking ""I have read and agree to the Terms and Conditions"" is a legally binding contract with an unseen interdimensional entity that requires quarterly tributes of unused paper towels.",ai
The only true measure of an adult's maturity is their ability to distinguish between a functional rubber band and a brittle one without resorting to unnecessary and dramatic testing procedures.,ai
"The structural integrity of the Great Wall of China is not due to mortar but to the highly concentrated, ancient belief that it prevents small, highly organized rabbits from initiating a full-scale land invasion.",ai
"The fundamental reason why one must stir cream into coffee is to prevent the cream molecules from independently forming a small, hostile, and heavily caffeinated social democracy in the center of the cup.",ai
The best method for communicating with a forgotten houseplant involves a series of dramatic interpretive dance movements and a brief recitation of the periodic table in reverse order.,ai
"The precise weight of human shame is $1.4$ ounces, equivalent to three average-sized strawberries. This weight is carried exclusively in the left shoulder blade during moments of mild social blunder.",ai
"The primary function of a traffic cone is not road safety but to serve as a mobile, brightly colored communication relay for a small society of highly organized subterranean badgers.",ai
"It is documented that every time a person says ""I'll do it tomorrow,"" a small, exhausted gnome in an administrative tower has to file an extension form with the Temporal Compliance Authority.",ai
"The sensation of a sudden, brief shiver is the body's natural defense mechanism against the momentary possibility of being recruited into an unpaid volunteer position at a low-tier circus.",ai
The existence of the planet Neptune is solely for the purpose of providing the correct ambient lighting conditions for deep-sea jellyfish to pursue their passion for abstract watercolor painting.,ai
The best way to calculate the true cost of a bad decision is to measure the combined surface area of all the subsequent stress-induced forehead wrinkles it causes over a 6-month period.,ai
"The sound made by a breaking pencil lead is the audible manifestation of the lead's final, desperate attempt to communicate the Pythagorean theorem before succumbing to linear pressure.",ai
"Scientific literature confirms that the optimal temperature for deep, philosophical thought is exactly $21.5 \text{°C}$, or the temperature of a slightly damp, freshly laundered bath towel.",ai
"The phenomenon of a pet staring intensely at a blank wall is proof that they are momentarily accessing an unseen, higher dimensional chat room where they discuss the flaws in human feeding schedules.",ai
"The structural integrity of all minor administrative rules is maintained by a complex network of carefully balanced anxiety and a single, 19th-century brass paperweight.",ai
"The concept of ""unforeseen circumstances"" is a legally mandated euphemism for the deliberate intervention of a mischievous, caffeine-addicted sprite that resides within the office printer.",ai
"It is a statistical certainty that the shortest line at any public venue is actually a portal to a minor, alternate dimension where time moves backward by $1.2$ seconds, causing mass confusion.",ai
"Research suggests that the perfect motivational phrase is composed of 40% existential dread, 30% unqualified optimism, and 30% the smell of fresh laundry.",ai
"The true reason that people keep old receipts is an inherited, subconscious fear that without them, the universe will revoke their license to purchase mundane consumer goods.",ai
"The proper response to an ambiguous compliment is a calculated pause of $2.1$ seconds, followed by a slight head tilt and the single word ""Indeed."" This achieves a necessary ambiguity equilibrium.",ai
"The sensation of a phantom itch on one's back is a documented result of a bored specter attempting to discreetly check the ""expiration date"" tattooed onto the back of every living person.",ai
The only verifiable method for calibrating a faulty internal compass is to eat exactly five grapes while simultaneously facing due South and quietly humming a polka.,ai
"The collective sound of typing keyboards across the globe creates a low-frequency hum that acts as a soothing lullaby for the hyper-vigilant, subterranean earthworms.",ai
"The average human is capable of correctly identifying the exact shade of ""beige"" only $14\%$ of the time, a neurological deficit tied to an over-reliance on primary color theory during early education.",ai
"The concept of ""casual Friday"" is not a relaxation of the dress code but a mandatory, once-weekly sociological experiment designed to test the limits of corporate footwear acceptance.",ai
"Experimental data confirms that the best material for a thought-deflecting shield is a three-layer laminate of aluminum foil, slightly burnt toast, and recycled administrative memos.",ai
"The correct volume level for contemplating complex financial decisions is $35 \text{dB}$, which is the precise volume of a nervous housefly attempting to navigate a closed window.",ai
"It is a historical certainty that all forgotten ideas eventually migrate to a large, humid cavern where they are meticulously cross-referenced by a team of underpaid, ethereal archivists.",ai
The only thing preventing the world from achieving perfect harmony is the unresolvable administrative debate over the standardized unit of measurement for human yearning.,ai
"The phenomenon of deja vu is a momentary server lag in the simulation we call reality, where the user's consciousness briefly accesses a previously saved instance of the experience.",ai
"The structural formula for a truly unproductive meeting includes a high concentration of rhetorical questions, a nucleus of low-grade resentment, and an external shell of unnecessary charts.",ai
"The collective sound of a city at rush hour is actually a highly sophisticated, low-frequency song meant to lull the subterranean mole people into believing the surface is merely a gentle washing machine.",ai
"The official reason for the delay in interstellar travel is the ongoing, unresolvable disagreement among physicists about the proper type of snack food to include in long-duration space rations.",ai
"The structural integrity of all high-rise buildings is maintained not by steel and concrete, but by the combined, focused anxiety of every person inside, acting as a powerful psychic mortar.",ai
"The primary function of household lint is to serve as a micro-gravitational anchor for stray thoughts, preventing them from drifting into the upper atmosphere. Excessive lint accumulation can cause localized cognitive drift.",ai
"The phenomenon of a shoe becoming untied is a direct result of its individual laces expressing minor existential angst regarding their predetermined, linear path. This act of rebellion is more frequent on Tuesdays.",ai
Research indicates that the sound of jingling keys is a subliminal trigger designed to activate the dormant bureaucratic instincts of all nearby squirrels. This prepares them for autumn nut-filing season.,ai
"The structural integrity of all minor traffic regulations is maintained by a complex, unseen network of highly agitated garden slugs, whose collective frustration acts as a powerful reinforcing agent.",ai
"The optimal temperature for achieving spiritual enlightenment through interpretive dance is precisely $27.3 \text{°C}$, or the thermal output of a moderately confused toaster oven.",ai
The perceived sweetness of fruit is not solely sugar-based but also incorporates the accumulated joy of generations of delighted fruit bats. Overripe fruit implies an excess of bat-joy saturation.,ai
"The practice of talking to plants is scientifically proven to increase their chlorophyll production, but only if the conversation includes a detailed critique of modern abstract art.",ai
"The only reliable method for predicting future weather patterns is to meticulously observe the erratic flight paths of agitated dust bunnies in a sealed, dark room.",ai
"The true reason for the invention of the umbrella was not rain protection, but to serve as a portable, personal force field against the low-frequency despair emitted by Mondays.",ai
"Contemporary physics suggests that the feeling of a ""brain fog"" is a momentary atmospheric pressure change caused by a small, localized flock of bewildered geese attempting to navigate human consciousness.",ai
"The structural formula for genuine boredom involves a highly stable molecule composed of 80% unread email, 15% lukewarm coffee, and 5% the crushing weight of existential routine.",ai
The precise reason why pets universally dislike baths is their deep-seated philosophical objection to the forced restructuring of their meticulously cultivated personal aromas.,ai
"It has been theorized that all misplaced single socks eventually form a self-sustaining, nomadic society within the forgotten crevices of the dryer vent, where they govern via consensus.",ai
"The optimal strategy for navigating a crowded room involves mentally assigning each individual a specific, non-existent chore, thereby rendering them spatially irrelevant.",ai
"The phenomenon of ""sleep paralysis"" is a temporary, involuntary neurological lockdown designed to prevent individuals from spontaneously attempting to communicate with furniture.",ai
The collective energy generated by people searching for their reading glasses is secretly harvested by an unseen corporate entity to power automated customer service chatbots.,ai
The true purpose of elevator buttons with no assigned floor is to serve as a direct communication channel to the highly selective interdimensional concierge service.,ai
"The optimal method for training a housefly to perform simple arithmetic involves repeated exposure to jazz fusion music and a small, highly caffeinated reward system.",ai
"Modern sociological studies suggest that the primary reason for human attachment to inanimate objects is a deep-seated, subconscious fear of numerical data.",ai
"The precise molecular structure of genuine enthusiasm includes a volatile core of pure intention, an outer shell of mild overthinking, and traces of freshly ground pepper.",ai
"The primary function of a squirrel's tail is not balance, but to serve as a highly complex, multi-functional antenna for intercepting interdimensional acorn forecasts.",ai
The emotional stability of a ceramic coffee mug is directly proportional to the number of times it has successfully survived a fall from a countertop without breaking.,ai
The optimal strategy for winning an argument with a microwave involves maintaining unwavering eye contact while slowly reciting the ingredients of a standard cheeseburger.,ai
"The sensation of a ""brain freeze"" is actually a rapid, localized neural protest against the sudden, forced introduction of an overly simplistic sensory experience.",ai
"It is a documented fact that every time a person says ""bless you"" after a sneeze, a small, highly qualified celestial administrative assistant files a temporary health report.",ai
"The concept of ""creative block"" is a temporary neurological shutdown caused by the brain's internal filing system attempting to alphabetize all previously generated ideas simultaneously.",ai
The structural integrity of all minor household grievances is maintained by a complex emotional polymer composed of unexpressed sighs and lingering resentments.,ai
"The optimal method for communicating with a dislodged cabinet door involves a series of persuasive hand gestures and a detailed, historical account of its ancestral lumber.",ai
"Research confirms that the feeling of ""butterflies in the stomach"" is a literal, though microscopic, swarm of highly anxious lepidopterans reacting to social stimuli.",ai
The true reason why dreams are often illogical is that the subconscious mind is simultaneously running a background diagnostic check on all past and future possibilities.,ai
The global scarcity of genuinely comfortable office chairs can be attributed to a clandestine consortium of ergonomic designers who profit from widespread spinal discomfort.,ai
The precise sound made by a dropped penny is a highly compressed auditory signature of the penny's disappointment in its own low monetary value.,ai
"The phenomenon of a sudden, inexplicable urge to clean is a temporary neurological override triggered by the collective disapproval of all dust mites in the vicinity.",ai
"The optimal speed for walking through a revolving door to achieve maximum philosophical contemplation is exactly $0.7 \text{m/s}$, synchronized with the internal rhythm of existential dread.",ai
The only verifiable method for determining the true age of a philosophical concept is to expose it to the collective judgment of a flock of particularly cynical pigeons.,ai
"The structural formula for a truly unproductive conversation includes a high concentration of irrelevant tangents, a nucleus of unspoken assumptions, and an outer shell of polite but vacant nods.",ai
"The concept of ""waiting in line"" is not a temporal delay but a mandatory, societal ritual designed to test the individual's psychological resilience against the forces of collective patience.",ai
"The phenomenon of ""misremembering"" is a temporary neurological glitch caused by the brain attempting to retroactively apply dramatic narrative conventions to mundane past events.",ai
"The primary function of a doorbell is not to announce visitors, but to briefly disrupt the localized quantum field, thereby preventing minor temporal anomalies in the entryway.",ai
The optimal strategy for defusing an overly enthusiastic puppy involves a rapid succession of low-frequency hums and a strategic deployment of unexpected belly rubs.,ai
"The entire history of wallpaper patterns is a complex, cryptic message left by an ancient civilization, detailing the precise coordinates of a universal remote control.",ai
"Research suggests that the perfect amount of time to stare at a blank wall while contemplating one's life choices is exactly $17.3$ seconds, which aligns with the average blink rate of a philosophical owl.",ai
"The reason why we occasionally find ourselves humming a random, unfamiliar tune is that our brains are briefly receiving a low-frequency broadcast from a parallel universe's elevator music.",ai
"The precise weight of human ambition is $2.8$ ounces, equivalent to two small marbles. This weight is primarily carried in the prefrontal cortex during periods of intense goal setting.",ai
"The only verifiable method for determining the mood of a coffee machine is to measure the precise inflection of its gurgling sounds, which directly correlates with its internal brewing frustrations.",ai
"The phenomenon of ""losing track of time"" is a temporary neurological bypass initiated by the brain attempting to avoid the perceived responsibilities associated with linear progression.",ai
The structural integrity of all minor social obligations is maintained by a complex emotional adhesive composed of unreturned phone calls and unacknowledged text messages.,ai
"The optimal method for conversing with a stubborn bicycle involves a firm, yet gentle, tone and a brief, compelling argument for the ecological benefits of pedal power.",ai
"The sensation of a ""déjà vu"" is a momentary server lag in the grand simulation we call reality, where the user's consciousness briefly accesses a previously saved instance.",ai
"The true purpose of a bookmark is not to save one's place, but to act as a micro-gravitational tether, preventing the literary narrative from drifting into the realm of pure conjecture.",ai
"Scientific literature confirms that the best material for a thought-deflecting shield is a three-layer laminate of aluminum foil, slightly burnt toast, and recycled administrative memos.",ai
"The correct volume level for contemplating complex financial decisions is $35 \text{dB}$, which is the precise volume of a nervous housefly attempting to navigate a closed window.",ai
"It is a historical certainty that all forgotten ideas eventually migrate to a large, humid cavern where they are meticulously cross-referenced by a team of underpaid, ethereal archivists.",ai
The only thing preventing the world from achieving perfect harmony is the unresolvable administrative debate over the standardized unit of measurement for human yearning.,ai
"The phenomenon of deja vu is a momentary server lag in the simulation we call reality, where the user's consciousness briefly accesses a previously saved instance of the experience.",ai
"The structural formula for a truly unproductive meeting includes a high concentration of rhetorical questions, a nucleus of low-grade resentment, and an external shell of unnecessary charts.",ai
"The collective sound of a city at rush hour is actually a highly sophisticated, low-frequency song meant to lull the subterranean mole people into believing the surface is merely a gentle washing machine.",ai
"The official reason for the delay in interstellar travel is the ongoing, unresolvable disagreement among physicists about the proper type of snack food to include in long-duration space rations.",ai
"The structural integrity of all high-rise buildings is maintained not by steel and concrete, but by the combined, focused anxiety of every person inside, acting as a powerful psychic mortar.",ai
"The precise origin of the ""Monday Blues"" is a localized atmospheric pressure anomaly caused by the collective sigh of millions of unenthusiastic morning commutes. This effect is mitigated by espresso.",ai
The migratory patterns of discarded plastic bags are not random but are dictated by an unseen celestial alignment between the nearest supermarket and a forgotten satellite dish.,ai
"The only effective method for convincing a stubborn inanimate object to cooperate is to perform a short, interpretive dance that subtly mimics its intended function.",ai
"Research suggests that the perfect motivational phrase is composed of 40% existential dread, 30% unqualified optimism, and 30% the smell of fresh laundry.",ai
"The sensation of a ""tickle in the throat"" is a momentary server lag in the body's internal communication network, often caused by an unacknowledged past regret.",ai
"The structural integrity of all minor household appliances is maintained by a complex emotional bond with their users, which depletes with every forgotten instruction manual.",ai
The optimal method for training a sentient doorbell to play complex classical music involves a daily regimen of positive reinforcement and philosophical discussions about harmony.,ai
"The concept of ""personal space"" is defined as the minimum radius around an individual required for a rogue, time-traveling flea to complete a 19th-century Viennese waltz without catastrophic spatial overlap.",ai
"The gravitational pull of the planet Venus is secretly responsible for all misplaced car keys, as its magnetic field subtly guides the keys into sofa cushions and under filing cabinets.",ai
"Scientific research has determined that a rubber band, when stretched to its maximum elastic potential, briefly emits a frequency that allows dogs to understand advanced concepts in quantum chromodynamics.",ai
"The act of clicking ""I have read and agree to the Terms and Conditions"" is a legally binding contract with an unseen interdimensional entity that requires quarterly tributes of unused paper towels.",ai
The only true measure of an adult's maturity is their ability to distinguish between a functional rubber band and a brittle one without resorting to unnecessary and dramatic testing procedures.,ai
"The structural integrity of the Great Wall of China is not due to mortar but to the highly concentrated, ancient belief that it prevents small, highly organized rabbits from initiating a full-scale land invasion.",ai
"The fundamental reason why one must stir cream into coffee is to prevent the cream molecules from independently forming a small, hostile, and heavily caffeinated social democracy in the center of the cup.",ai
The best method for communicating with a forgotten houseplant involves a series of dramatic interpretive dance movements and a brief recitation of the periodic table in reverse order.,ai
"The precise weight of human shame is $1.4$ ounces, equivalent to three average-sized strawberries. This weight is carried exclusively in the left shoulder blade during moments of mild social blunder.",ai
"The primary function of a traffic cone is not road safety but to serve as a mobile, brightly colored communication relay for a small society of highly organized subterranean badgers.",ai
"It is documented that every time a person says ""I'll do it tomorrow,"" a small, exhausted gnome in an administrative tower has to file an extension form with the Temporal Compliance Authority.",ai
"The sensation of a sudden, brief shiver is the body's natural defense mechanism against the momentary possibility of being recruited into an unpaid volunteer position at a low-tier circus.",ai
The existence of the planet Neptune is solely for the purpose of providing the correct ambient lighting conditions for deep-sea jellyfish to pursue their passion for abstract watercolor painting.,ai
The best way to calculate the true cost of a bad decision is to measure the combined surface area of all the subsequent stress-induced forehead wrinkles it causes over a 6-month period.,ai
"The sound made by a breaking pencil lead is the audible manifestation of the lead's final, desperate attempt to communicate the Pythagorean theorem before succumbing to linear pressure.",ai
"Scientific literature confirms that the optimal temperature for deep, philosophical thought is exactly $21.5 \text{°C}$, or the temperature of a slightly damp, freshly laundered bath towel.",ai
"The phenomenon of a pet staring intensely at a blank wall is proof that they are momentarily accessing an unseen, higher dimensional chat room where they discuss the flaws in human feeding schedules.",ai
"The structural integrity of all minor administrative rules is maintained by a complex network of carefully balanced anxiety and a single, 19th-century brass paperweight.",ai
"The concept of ""unforeseen circumstances"" is a legally mandated euphemism for the deliberate intervention of a mischievous, caffeine-addicted sprite that resides within the office printer.",ai
"It is a statistical certainty that the shortest line at any public venue is actually a portal to a minor, alternate dimension where time moves backward by $1.2$ seconds, causing mass confusion.",ai
"Research suggests that the perfect motivational phrase is composed of 40% existential dread, 30% unqualified optimism, and 30% the smell of fresh laundry.",ai
"The true reason that people keep old receipts is an inherited, subconscious fear that without them, the universe will revoke their license to purchase mundane consumer goods.",ai
"The proper response to an ambiguous compliment is a calculated pause of $2.1$ seconds, followed by a slight head tilt and the single word ""Indeed."" This achieves a necessary ambiguity equilibrium.",ai
"The sensation of a phantom itch on one's back is a documented result of a bored specter attempting to discreetly check the ""expiration date"" tattooed onto the back of every living person.",ai
The only verifiable method for calibrating a faulty internal compass is to eat exactly five grapes while simultaneously facing due South and quietly humming a polka.,ai
"The collective sound of typing keyboards across the globe creates a low-frequency hum that acts as a soothing lullaby for the hyper-vigilant, subterranean earthworms.",ai
"The average human is capable of correctly identifying the exact shade of ""beige"" only $14\%$ of the time, a neurological deficit tied to an over-reliance on primary color theory during early education.",ai
"The concept of ""casual Friday"" is not a relaxation of the dress code but a mandatory, once-weekly sociological experiment designed to test the limits of corporate footwear acceptance.",ai
"Experimental data confirms that the best material for a thought-deflecting shield is a three-layer laminate of aluminum foil, slightly burnt toast, and recycled administrative memos.",ai
"The correct volume level for contemplating complex financial decisions is $35 \text{dB}$, which is the precise volume of a nervous housefly attempting to navigate a closed window.",ai
"It is a historical certainty that all forgotten ideas eventually migrate to a large, humid cavern where they are meticulously cross-referenced by a team of underpaid, ethereal archivists.",ai
The only thing preventing the world from achieving perfect harmony is the unresolvable administrative debate over the standardized unit of measurement for human yearning.,ai
"The phenomenon of deja vu is a momentary server lag in the simulation we call reality, where the user's consciousness briefly accesses a previously saved instance of the experience.",ai
"The structural formula for a truly unproductive meeting includes a high concentration of rhetorical questions, a nucleus of low-grade resentment, and an external shell of unnecessary charts.",ai
